institution_id;institution_name;search_result_name;institution_geolocation;dist (m);source
8;CENTRE INTERNATIONAL DE HAUTES ETUDES MEDITERRANEENNES;Calle Zaragoza 22;40.833657, -0.797917;;Mapbox
10;COMUNIDAD DE MADRID - CONSEJERIA DE AGRICULTURA Y COOPERACION;Calle Alcalá De Henares 127;37.81054, -0.805675;;Mapbox
22;NATIONAL AGRICULTURAL RESEARCH FOUNDATION - PLANT PROTECTION INSTITUTE VOLOS;El Nozha;30.11, 31.34;;Mapbox
23;NATIONAL AGRICULTURAL RESEARCH FOUNDATION - POMOLOGY INSTITUTE;L 81 59200;51.195936, 7.19318;;Mapbox
24;INSTITUTO VALENCIANO DE INVESTIGACIONES AGRARIAS - CONSELLERIA DE AGRICULTURA Y PESCA GENERALIDAD VALENCIANA;Carretera Moncada;39.541657, -0.388295;;Mapbox
26;RIJKSSTATION VOOR PLANTENZIEKTEN;Burgemeester Van Gansberghelaan 96;50.980564, 3.778764;;Mapbox
27;MAFF Central Science Laboratory;Hatching Green;51.804015, -0.356414;;Mapbox
35;RUSTICA SEMENCES;Chemin De Sandreau;43.68847, 1.273987;;Mapbox
38;ARLESA Semillas;Cl Punta Del Verde;37.295332, -6.047546;;Mapbox
54;Centro Servizi Avanzati per l'Agricoltura;Strada Statale 71;43.371118, 11.876758;;Mapbox
56;INTERNATIONAL CENTER FOR ADVANCED MEDITERRANEAN AGRONOMIC STUDIES - MEDITERRANEAN AGRONOMIC INSTITUTE OF CHANIA;Rania 85;46.649743, 9.447977;;Mapbox
57;INSTITUTE OF SUBTROPICAL PLANTS AND OLIVE TREES OF CHANIA;731 00;35.514899, 24.019251;;Mapbox
64;VITROHELLAS S.A.;Eleftherios Venizelos Str.;40.636385, 22.941337;;Mapbox
74;Instituto Nacional de Investigacao Agrarias;Rua De Leiria;39.549993, -8.972098;;Mapbox
75;Institut d'Arboriculture Fruitiere;592 00;40.631598, 22.069192;;Mapbox
106;National Dairy Products Centre;Moorepark Road;52.162814, -8.26495;;Mapbox
111;St Hubert Industrie Laitiere;Rue François Villon;48.655138, 6.17414;;Mapbox
117;UNIVERSIDAD DE CORDOBA;Plaça De Correus 3048;41.381363, 2.1814;;Mapbox
119;Wageningen Agricultural University;Wageningen;51.964273, 5.663793;;Mapbox
123;Centre National du Machinisme Agricole, du Génie Rural, des Eaux et des Forêts (CEMAGREF);Nogent-sur-Vernisson;47.846832, 2.74161;;Mapbox
141;RISOE NATIONAL LABORATORY;Frederiksborgvej 399;55.692568, 12.103063;;Mapbox
143;Risø National Laboratory;4000;55.641095, 12.081609;;Mapbox
145;NATIONAL RESEARCH COUNCIL OF ITALY;Via Salaria;42.057655, 12.6967;;Mapbox
151;THE QUEEN'S UNIVERSITY OF BELFAST;97 Lisburn Road;54.58558, -5.94266;;Mapbox
158;UNIVERSIDAD DE LEON;S/N;28.958124, -13.552969;;Mapbox
169;Idroallevamenti Srl;Via Brasile;39.262091, 9.133177;;Mapbox
172;INST. DE BIOLOGIA EXPERIMENTAL E TECNOLOGICA - IBET;R Eiras 1;39.059755, -9.328848;;Mapbox
187;MEDITERRANEAN AGRONOMIC INST. OF CHANIA;Chania;35.5149, 24.01925;;Mapbox
194;Niedersächsische Forstliche Versuchsanstalt;Forstamtstraße 6;51.327455, 9.671778;;Mapbox
197;INST. DE RECERCA I TECNOLOGIA AGROALIMENTARIES;Reus;41.1551, 1.109259;;Mapbox
204;PEPINIERES DU DOMAINE DE LALANNE;Domaine De Lalande;45.11462, -0.74302;;Mapbox
215;Norges Landbrukshogskole NLH;1430;59.66348, 10.792398;;Mapbox
218;UNIV ALGARVE-DEPT AQUATIC RESOURCES;Faro;37.01598, -7.934798;;Mapbox
236;Universite Libre de Bruxelles (ULB);Avenue De Fré 160;50.804291, 4.364482;;Mapbox
245;ECOLE NATIONALE D'INGENIEURS DES TECHNIQUES DES INDUSTRIES AGRICOLES ET ALIMENTAIRES;Rue De La Géraudière;47.263318, -1.565371;;Mapbox
2836;CANARIE Inc;Canarie;45.41117, -75.69812;;OpenAlexNormalized
258;IFREMER - INSTITUT FRANÇAIS DE RECHERCHE POUR L'EXPLOITATION DE LA MER;155 Rue Jean-Jacques Rousseau;48.822598, 2.259735;;Mapbox
280;CENTRO EXPERIMENTAL VILLAJUAN;ES;41.294856, -4.055685;;Mapbox
287;Cooperativa Intervento Settori Pesca e Agricoltura;Complanare Est;41.075218, 16.903365;;Mapbox
295;MACAULAY LAND USE RESEARCH INSTITUTE;Craigiebuckler Drive;57.135886, -2.159764;;Mapbox
303;UNIV. AEGEAN;El Paso;31.759958, -106.485405;;Mapbox
313;Hewlett Packard Ltd;Hewlett-Packard (United States);37.44188, -122.14302;;OpenAlexNormalized
315;UNIVERSITY OF LINKOEPING;Linköping;58.411167, 15.621878;;Mapbox
341;Comité National Interprofessionnel de l'Horticulture;Rue De La Garonne;50.613055, 3.059964;;Mapbox
342;Instituto Nacional de Investigaciones Agrarias;Calle Espaldas Daniel Comboni;39.550995, -0.407606;;Mapbox
345;Agricultural Research Center for Northern Greece;Eleftherios Venizelos Str.;40.636385, 22.941337;;Mapbox
346;Direccao Regional de Agricultura do Algarve;Sit Patacao;37.058289, -7.956952;;Mapbox
347;Centro de Investigacion y Tecnologia Agrarias-Consejeria de Agricultura y Pesca del Gobierno de Canarias;Calle La Laguna 60;42.722827, -0.28534;;Mapbox
348;Consejeria de Agricultura y Pesca;Calle Espaldas Daniel Comboni;39.550995, -0.407606;;Mapbox
356;Joint Research Centre (JRC) Petten;1755 RG;52.76326, 4.656766;;Mapbox
364;FORSCHUNGSZENTRUM JUELICH GMBH;Wilhelm-Johnen-Straße;50.905235, 6.404274;;Mapbox
386;Nuclear Electric plc;GL13;51.6904, -2.4523;;Mapbox
391;Vasari Ltd;2 Kings Road;51.2847, -0.83722;;Mapbox
392;Commissariat à l'Energie Atomique (CEA);Rue Saint-Paul;49.113567, 6.826374;;Mapbox
410;Institute of Arable Crops Research;Long Ashton Road;51.432013, -2.657652;;Mapbox
411;Horticulture Research International;ME19 6BJ;51.287861, 0.438313;;Mapbox
419;The National Dairy Products Research Centre;Moorepark Road;52.162814, -8.26495;;Mapbox
436;Regional Archaeological Service of the Cyclades and of Samos - Ministry of Culture;Elliotsville Road;39.31468, -82.12931;;Mapbox
454;TALOS ENGINEERING sa;106 74;37.9756, 23.740552;;Mapbox
460;Veridatas;Avenue A;48.766093, 2.373196;;Mapbox
480;Sidac SpA;Sidac (Italy);44.22177, 12.04144;;OpenAlexNormalized
531;Micro Software Library EPE;15124 Eldred Avenue;44.979063, -90.180333;;Mapbox
544;PRISMA CENTRE FOR DEVELOPMENT STUDIES;116 35;46.201746, 6.161843;;Mapbox
22478;Taiwan CE Network;Taipei;25.044743, 121.53953;;Mapbox
562;Ayuntamiento de Mataro;Cl Estadi De L';41.536115, 2.425734;;Mapbox
564;Mid Glamorgan County Council;County Hall;50.837434, -0.782688;;Mapbox
568;Athens Technology Centre;15124 Eldred Avenue;44.979063, -90.180333;;Mapbox
592;Linkoepings Universitet;Linköping;58.411167, 15.621878;;Mapbox
597;National Agency Welfare and Health;Siltasaarenkatu 18c;60.180502, 24.94927;;Mapbox
612;SWEF - Swedish Work Environment Fund;Olof Palmes Gata 32;59.334537, 18.054535;;Mapbox
616;Hallinan ja Markkinainnin Laitos;Pl 297;59.843641, 23.236747;;Mapbox
626;IMPERIAL CHEMICAL INDUSTRIES PLC;Imperial Road;51.475164, -0.187052;;Mapbox
644;AEA Technology plc;OX11 0RA;51.579462, -1.308099;;Mapbox
661;FORTH RESEARCH CENTER OF CRETE;1527 Rr 21;43.623556, -80.551657;;Mapbox
668;BYZANTINE MUSEUM OF ATHENS;Elliotsville Road;39.31468, -82.12931;;Mapbox
705;Universidad Autonoma de Barcelona;Carrer De Bellaterra;41.357958, 2.073562;;Mapbox
710;Institut de Recerca y Tecnologia Agroalimentaries (IRTA);Carretera De Cabrils;41.50751, 2.385318;;Mapbox
723;Institute for Atmospheric Physics;Czech Academy of Sciences, Institute of Atmospheric Physics;50.08804, 14.42076;;OpenAlexNormalized
730;EUROPEAN INFORMATION TECHNOLOGY FOR INFORMATION SCIENCE SA;12 Avenue Des Prés;48.775902, 2.015909;;Mapbox
735;MARI Computer Systems Ltd;Old Town Hill;54.222969, -2.923389;;Mapbox
743;ASSOCIATION POUR LE DEVELOPPEMENT DE LA RECHERCHE DANS LES INDUSTRIES AGROALIMENTAIRES ET D'EMBALLAGE CONDITIONNEMENT;Esplanade Roland Garros;49.23803, 4.063582;;Mapbox
744;Pépinières de Rosiers Panos Avramis et Fils;581 00;40.791071, 22.411268;;Mapbox
764;TECNOPOLIS CSATA NOVUS ORTUS SCRL;Strada Comunale Per Casamassima;40.920193, 17.001983;;Mapbox
778;MUNICIPALITY OF DOMMITZSCH;Markt;51.639744, 12.882948;;Mapbox
785;HOTEL DE VILLE CHATEAU DU LOIR;Route De Château Du Loir;47.707985, 0.402089;;Mapbox
793;British Telecom plc (BT);Harvest Crescent;51.298476, -0.826615;;Mapbox
795;TIRAC;College Road;53.849622, -6.754009;;Mapbox
796;GAYDON TEST CENTRE;CV35;52.2113, -1.5776;;Mapbox
804;INSTITUTO SUPERIOR TECNICO;Avenida Rovisco Pais;38.735389, -9.138002;;Mapbox
807;THE PROVOST, FELLOWS AND SCHOLARS OF THE COLLEGE OF THE HOLY AND UNDIVIDED TRINITY OF QUEEN ELIZABETH NEAR DUBLIN HEREINAFTER TRINITY COLLEGE DUBLIN;Trinity College;53.344508, -6.253643;;Mapbox
809;Ovamass Ltd;Fethard;52.466324, -7.694235;;Mapbox
823;RGI Resource Group Integrator Srl;Via Al Molo Vecchio;44.406941, 8.922169;;Mapbox
824;UNIVERSITAET STUTTGART;Allmandring 31;48.742353, 9.096263;;Mapbox
847;Université de Nice;Avenue Valrose;43.715273, 7.265616;;Mapbox
860;THE CHANCELLOR, MASTERS AND SCHOLARS OF THE UNIVERSITY OF CAMBRIDGE;Old School Close;52.278141, 0.330606;;Mapbox
861;University of Keele;ST5 5BG;53.003073, -2.273714;;Mapbox
862;Florilab Srl;Frazione Ripalvella 7;42.847439, 12.313289;;Mapbox
886;UNIVERSITA DEGLI STUDI DI MESSINA;Via Villaggio San Giuseppe 31;37.973404, 14.341665;;Mapbox
896;Storstroem County;Parkvej 37;55.797197, 12.463665;;Mapbox
903;Global Action Plan International;Oud Clingendaal 7a;52.112872, 4.375772;;Mapbox
909;National Technical University of Athens (NTUA);15775 Elk River Mills Road;34.858902, -87.048269;;Mapbox
910;Open Services;3010;50.883784, 4.720035;;Mapbox
949;Dr. GEHRIGT Thomas;Basel;47.555943, 7.588639;;Mapbox
951;Professor NEVEND Damien;Chemin Des Alambics;46.51989, 6.570283;;Mapbox
952;Department of Economics;Mannheim;49.4871, 8.467922;;Mapbox
960;UNIVERSITA' DEGLI STUDI DELL'AQUILA;67100;42.352944, 13.40093;;Mapbox
961;CPL SCIENTIFIC PUBLISHING SERVICES LTD;CPL Scientific Publishing Services (United Kingdom);51.40148, -1.32471;;OpenAlexNormalized
974;Aquaculture Etude et Industrie;Les Frappiers;47.729878, 2.391742;;Mapbox
975;Danube Delta Biosphere Reserve Authority;Strada Babadag 165;45.165185, 28.792996;;Mapbox
976;Fish Culture and Hydrobiology;Vodňany;49.147186, 14.175331;;Mapbox
1009;Southeast Asian Regional Centre for Tropical Biology;Bogor;-6.608808, 106.80683;;Mapbox
1011;Community Medicine Development Foundation;A.H. Lacson Avenue 1000;14.610871, 120.99179;;Mapbox
1012;Aga Kahn Health Services;Gilgit;35.922653, 74.31062;;Mapbox
1034;Instituto de Ecologia A.C.;Carretera Nueva A Coatepec;19.518316, -96.915722;;Mapbox
1035;Institut Français de Recherche Scientifique pour le Développement en Coopération - ORSTOM;Fort-de-France;14.603556, -61.071274;;Mapbox
1039;Centre d'Appui Technique à l'Hévéaculture;Libreville;0.400015, 9.456696;;Mapbox
1040;Indonesian Planter's Association for Research and Development;Palembang;-2.983726, 104.75563;;Mapbox
1041;Institut des Fôrets;Abidjan;5.320357, -4.016107;;Mapbox
1044;National Coconut Development Programme;Dar es Salaam;-6.816084, 39.280358;;Mapbox
1045;Philippine Coconut Authority;Don Mariano Street;14.73448, 121.050432;;Mapbox
1058;Kunming Institute of Botany - Academia Sinica;Kunming;25.03944, 102.708545;;Mapbox
1059;Environment Culture Agriculture Research Development Society in Nepal;Kathmandu;27.714186, 85.31094;;Mapbox
1068;ROSLIN INSTITUTE (EDINBURGH);EH25 9PS;55.862648, -3.153769;;Mapbox
1069;Danish Institute for Fisheries Technology and Aquaculture;9850;57.591238, 9.956223;;Mapbox
1070;Instituto de Investigacion para la Oceanografia Pesca y Alimentacion;D;39.508719, 2.528513;;Mapbox
1076;"Instituto de Ciencias Biomedicas "" Abel Salazar """;Porto;41.14789, -8.611286;;Mapbox
1077;University Pertanian Malaysia;Serdang;2.974268, 101.67795;;Mapbox
1078;South East Asia Ministers of Education Organisation;Jakarta;-6.175394, 106.827183;;Mapbox
1079;Scottish Agricultural College;581 King Street;57.150345, -2.093888;;Mapbox
1087;Centre de Recherche Agronomiques de la Crète et des Iles d'Egée;731 00;35.514899, 24.019251;;Mapbox
1094;Dr. Sardjito's General Hospital;55281;-7.779453, 110.406251;;Mapbox
1099;BBSRC Institute of Grassland and Environmental Research;Centre Lane;52.448606, -2.046812;;Mapbox
1111;Servicio Nacional de Meteorologia e Hidrologia;La Paz;-16.500357, -68.13408;;Mapbox
1112;Direccion Nacional de Aeronautica Civil;Asunción;-25.280046, -57.634381;;Mapbox
1123;Ocean University of Qingdao;266003;36.07122, 120.337775;;Mapbox
1131;Innoprise Corporation SDN BHD;Tawau;4.24626, 117.89054;;Mapbox
1134;Centro de Investigación Científica de Yucatán AC;Mérida;20.968672, -89.62278;;Mapbox
1143;Centro de Investigaciones y de Estudios Avanzados del IPN;Avenida Cañada;19.332924, -99.004414;;Mapbox
1154;WORLD ASSOCIATION OF INDUSTRIAL AND TECHNOLOGICAL RESEARCH ORGANISATIONS;Gregersensvej;55.659026, 12.271576;;Mapbox
1158;Gist - Brocades BV;Wateringseweg 1;52.018799, 4.349862;;Mapbox
1166;Universitaet Wien;1010;48.208217, 16.371907;;Mapbox
1172;INSTITUTO DE BIOLOGIA EXPERIMENTAL E TECNOLOGICA;Avenida Da República;41.487858, -8.340487;;Mapbox
1187;Umee Universitet;Umevägen;63.915515, 19.805889;;Mapbox
1198;Gifford and Partners Ltd.;Ringwood Road;50.91741, -1.498283;;Mapbox
1202;Cork Regional Technical College;Rossa Avenue;51.88164, -8.530438;;Mapbox
1233;MRC Cell Mutation Unit;Falmer Road;50.827066, -0.07109;;Mapbox
1250;14th Ephorate of Prehistoricand Classical Antiquities;351 00;38.901741, 22.433061;;Mapbox
1267;Instituto de Tecnnología Biológica;Canadá 530;-29.169076, -59.64616;;Mapbox
1270;Sanofi Recherche;371 Rue Du Professeur Joseph Nicolas;45.730415, 4.878832;;Mapbox
1282;IFREMER - Institut Français de Recherche pour l'Exploitation de la Mer;Taravao;-17.725707, -149.313466;;Mapbox
1283;Universidad Autonoma de Nuevo Leon;San Nicolás de los Garza;25.755411, -100.292755;;Mapbox
1301;Energo Group SA;Elliotsville Road;39.31468, -82.12931;;Mapbox
1302;Public Power Corporation of Greece;Public Power Corporation (Greece);37.98376, 23.72784;;OpenAlexNormalized
1307;Aegean Metallurgical Industries SA;1 Street;-31.339224, 27.849757;;Mapbox
1326;INSTITUTO ESPAÑOL DE OCEANOGRAFIA;Camiño Cabo;42.240329, -8.642436;;Mapbox
1337;Associazione Progetto Europa Salute;Via Xxv Aprile;44.372075, 9.102192;;Mapbox
1343;Projects TDS Srl;Strada 1;45.402, 9.151658;;Mapbox
1356;Audiovisual Eureka;1050;50.836265, 4.365757;;Mapbox
1366;University of Thessalia;383 33;39.362799, 22.941969;;Mapbox
1382;UNIVERSITA DEGLI STUDI DI SASSARI;Piazza Università 21;40.724999, 8.559905;;Mapbox
1391;ARISTOTLEAN UNIVERSITY OF THESSALONIKI;Eleftherios Venizelos Str. 06;40.635539, 22.940438;;Mapbox
1454;PROTOSEMENCES;Route De Carles;43.879756, 1.473611;;Mapbox
1460;HOOGOVENS Ijmuiden B.V.;Ven 3d;51.51931, 5.750069;;Mapbox
1488;MRC Radiobiology Unit;OX11 0RD;51.575331, -1.319734;;Mapbox
1511;Tecnopolis Csata Novus Ortus Scrl;70010;41.045823, 16.884025;;Mapbox
1531;Turkmenistan State University;Asjkhabad;37.940465, 58.382349;;Mapbox
1572;Baikal International Center for Ecological Research;664033;52.24279, 104.27219;;Mapbox
1577;INSTITUTO DE BIOLOGIA EXPERIMENTAL E TECNOLOGIA;R Eiras 12;39.353892, -7.958373;;Mapbox
1596;Società Italiana Miniere SpA;Via Cagliari;39.313484, 8.535167;;Mapbox
1601;Agricultural Research Council of Norway;NO;61.248333, 8.804821;;Mapbox
1604;Lacto-Labo;Route De Buxières;46.947282, 0.606109;;Mapbox
1619;Extrude Hone Ltd;6 Brick Close;52.042993, -0.818843;;Mapbox
1622;Ommp di Molgora Pierluigi;Via Roma;45.654035, 9.375385;;Mapbox
1623;FOUNDATION OF RESEARCH AND TECHNOLOGY - HELLAS;Mouton Dr;30.47972, -92.71823;;Mapbox
1626;ISTITUTO ZOOTECNICO E CASEARIO PER LA SARDEGNA;Via Sassari;40.573027, 8.697335;;Mapbox
1630;INSTITUTO NACIONAL DE INVESTIGACION Y TECNOLOGIA AGRARIA Y ALIMENTARIA;Av Carrera De La;40.404766, -3.79752;;Mapbox
1666;AFOCEL;Rue De L'étançon;47.708103, 6.64361;;Mapbox
1677;Centre National du Machinisme Agricole, du Génie Rural, des Eaux et des Forêts;Nogent-sur-Vernisson;47.846832, 2.74161;;Mapbox
1706;Ecole Polytechnique Fédérale de Lausanne;Chemin Des Côtes-De-La-Bourdonnette;46.527114, 6.590273;;Mapbox
1708;Hellenic Centre for European Studies;Elliotsville Road;39.31468, -82.12931;;Mapbox
1744;UNIVERSITE LIBRE DE BRUXELLES;Rue Erasme;50.837974, 4.30681;;Mapbox
1755;Instituut voor Scheikundig Onderzoek;Beulbosweg;50.829637, 4.569031;;Mapbox
1773;Universidad de Malaga;D;36.489535, -4.742592;;Mapbox
1778;Riso National Laboratory;4000;55.641095, 12.081609;;Mapbox
1797;UNIVERSIT DEGLI STUDI DI PALERMO;Viale Delle Scienze;38.103375, 13.348227;;Mapbox
1798;Universita degli Studi di Palermo;Viale Delle Scienze;38.103375, 13.348227;;Mapbox
1800;INSTITUTO SUPERIOR DE AGRONOMIA;Tapada Da Ajuda;38.716292, -9.18968;;Mapbox
1809;Hedeselskabet - Danish Land Development Service;8882;56.267169, 9.731126;;Mapbox
1820;PHILIPS GMBH TELEKOM. & DATA SYSTEMS-ISA;Eindhoven;51.43773, 5.480267;;Mapbox
1823;Tecnopolis Csata Novus Ortus;Strada Comunale Per Casamassima;40.920193, 17.001983;;Mapbox
1827;MULTIMEDIA CENTER OF CRETE;Chanéa 134;46.799872, 7.025892;;Mapbox
1846;INSTITUT NATIONAL DE RECHERCHES EN GENIE RURAL, EAUX ET FORETS;Ariana;36.858735, 10.188232;;Mapbox
1976;UNIVERSITA' DEGLI STUDI DI TRENTO;Trento;46.068256, 11.123489;;Mapbox
1915;LAKE COMMUNICATIONS;Greenhills Road;53.296807, -6.347849;;Mapbox
1932;SIEMENS AG;Siemens (Germany);48.13743, 11.57549;;OpenAlexNormalized
1940;Siemens AG;Siemens (Germany);48.13743, 11.57549;;OpenAlexNormalized
1996;MicroPix Technologies Ltd;St. Davids Business Park;56.0407, -3.36488;;Mapbox
2024;Deutsches Zentrum für Handwerk und Denkmalpflege, Propstei Johannesberg, Fulda e.V.;An Den Eichen;50.582077, 9.648915;;Mapbox
2037;WESTFAELISCHE WILHELMS - UNIVERSITAET MUENSTER;Von-Esmarch-Straße 56;51.966792, 7.592409;;Mapbox
2044;Alenia Marconi Systems;Park;57.477975, -6.335755;;Mapbox
2065;Kernforschungsanlage Jülich GmbH;Jülich;50.921734, 6.358342;;Mapbox
2082;The Ukrainian Psychiatric Association;Kiev;50.450034, 30.524136;;Mapbox
2088;ITALIAN AGENCY FOR NEW TECHNOLOGY, ENERGY AND THE ENVIRONMENT;Via Santa Teresa;44.086387, 9.886257;;Mapbox
2175;Multimedia Center Sa;Sur;46.52217, 9.631014;;Mapbox
2128;LEVEL-7 LIMITED;Level 7 Systems (United Kingdom);51.50853, -0.12574;;OpenAlexNormalized
2138;EURITIS;Chemin De Château-Gombert;43.345176, 5.423858;;Mapbox
2148;Intrasoft Sa;INTRASOFT International (Luxembourg);49.61167, 6.13;;OpenAlexNormalized
2154;Micronics Telesystems Limited;8 Bakery Street;51.496473, -0.075216;;Mapbox
2166;ANSA Architecture Projects Management Ltd;Park Road;52.273919, 0.323545;;Mapbox
2168;FT Healthcare and Cartermill International Ltd;North Haugh;56.340628, -2.812609;;Mapbox
2179;Vasari;2 Kings Road;51.2847, -0.83722;;Mapbox
2183;N/A;A. N. Nesmeyanov Institute of Organoelement Compounds;55.75222, 37.61556;;OpenAlexNormalized
2191;UNIVERSITE DE LA ROCHELLE;15 Rue François De Vaux De Foletier;46.141803, -1.151899;;Mapbox
2244;Umwelt-Campus Birkenfeld Entwicklungs- und Management GmbH.;Am Hasselt;49.605138, 7.165985;;Mapbox
2259;BRITISH AEROSPACE AIRBUS LTD.;New Lane;51.592287, -2.51859;;Mapbox
2264;Aerospatiale;Toulouse;43.60372, 1.445711;;Mapbox
2270;COMUNE DI ROMA;Via Del Campidoglio 1;41.892694, 12.48334;;Mapbox
2285;LIMBURGS UNIVERSITAIR CENTRUM / STUDIECENTRUM VOOR MULTIMEDIAAL EN INTERACTIEF LEREN;3590;50.90776, 5.419691;;Mapbox
2290;Hospital de Sta. Maria;Avenida Duque De Loulé 75;38.70596, -9.239981;;Mapbox
2320;TRANS EUROPEAN RURAL NETWORK;Nørvad 4;56.759996, 9.768809;;Mapbox
2523;FEGS Ltd;Oakington Road;52.282774, 0.116223;;Mapbox
2323;CENTRE NATIONAL D'ENSEIGNEMENT A DISTANCE;Avenue D;48.761298, 2.371184;;Mapbox
2329;STADT TORGAU;Markt 1;51.558426, 13.003805;;Mapbox
2334;METEO-FRANCE;Quai Branly;48.861918, 2.298781;;Mapbox
2335;Philips Nederland BV;Eindhoven;51.43773, 5.480267;;Mapbox
2347;ADVANCED SERVICES GROUP LTD.;Elin Pelin;42.66905, 23.601936;;Mapbox
2371;Hellenic Republic of Industry,Energy and Technology General Secretariat;10;17.04483, -96.692948;;Mapbox
2376;Skanska Ab;Skanska (Sweden);59.32938, 18.06871;;OpenAlexNormalized
2379;Det Norske Veritas Research;Veritasveien 1;59.888828, 10.56266;;Mapbox
2386;D'APPOLONIA SPA;D'Appolonia (Italy);44.40478, 8.94439;;OpenAlexNormalized
2408;INTERDISCIPLINARY CENTRE FOR COMPARATIVE RESEARCH IN THE SOCIAL SCIENCES;Schottenfeldgasse;48.202336, 16.343196;;Mapbox
2492;The Baikalsk Institute of Toxicology;Baikalsk;51.516586, 104.140205;;Mapbox
2493;Institute of Soil Science and Photosynthesis;Moscow;55.750446, 37.617494;;Mapbox
2494;The Hellenic Institute of Holography;152 34;38.020926, 23.801945;;Mapbox
2505;Katholieke Universiteit Brabant;Tilburg;51.556557, 5.087695;;Mapbox
2517;Instituto Catala de Telematica Aplicada;Cl Valencia;41.365968, 2.070601;;Mapbox
2545;HELLENIC AEROSPACE INDUSTRY LTD;Hellenic Aerospace Industry (Greece);37.98376, 23.72784;;OpenAlexNormalized
2577;INSTITUTO NACIONAL DE TECNOLOGIA AGROPECUARIA;Rivadavia;-34.882158, -58.029028;;Mapbox
2578;FLANDERS INTERUNIVERSITY INSTITUTE FOR BIOTECHNOLOGY VZW;Ledeganckstraat 35;51.03607, 3.723753;;Mapbox
2594;De Montford University;The Gateway;52.629724, -1.139003;;Mapbox
2609;AVGI;Elliotsville Road;39.31468, -82.12931;;Mapbox
2628;SENA SA;National Training Service;5.53528, -73.36778;;OpenAlexNormalized
2637;UNIVERSITAET OSNABRUECK;Pascalstraße 100;53.741309, 9.931963;;Mapbox
2652;AGÊNCIA DE INOVAÇÀO S.A.;Avenida Dos Combatentes;38.772571, -9.354721;;Mapbox
2663;Kungl Teckniska Hoegskolan;Stockholm;59.324337, 18.06902;;Mapbox
2771;ITFF;Rennes;48.113247, -1.681558;;Mapbox
2673;Commissariat a l'Energie Atomique;Route De Saint-Paul-Lez-Durance;43.632686, 5.766298;;Mapbox
2675;KULeuven;Begijnhofkerkstraat;50.871199, 4.697001;;Mapbox
2684;National and Kapodestrian University of Athens;11527 Eldred Avenue;44.979062, -90.18031;;Mapbox
2689;Central Research Institute for Fisheries;Jawa Barat;-6.934469, 107.604954;;Mapbox
2690;Cantho University;92000;9.717794, 105.167186;;Mapbox
2694;Mines and Geosciences Bureau;4031;14.169863, 121.244076;;Mapbox
2695;Pusat Penelitian dan Pengembangan Biologi - R & D Center for Biology;Bogor;-6.608808, 106.80683;;Mapbox
2696;Lembaga Alam Tropika Indonesia;Bogor;-6.608808, 106.80683;;Mapbox
2702;Medical Uinversity of Southern Africa;0204;-25.619459, 28.011546;;Mapbox
2712;Silicon Graphics AGI;Erlensträsschen 65;47.585151, 7.645332;;Mapbox
2721;PARCO SCIENTIFICO E TECNOLOGICO AREA IONICO SALENTINA - CENTRO NAZIONALE PER LA RICERCA E LO SVILUPPO DEI MATERIALI SCPA;Via Santi 5;40.638164, 17.944942;;Mapbox
2731;Agricultural University of Norway;Nordsida 1432;63.003147, 8.976991;;Mapbox
2739;Instituto Espanol de Oceanografia;Puerto Pesquero - Muelle De Levante;36.52997, -6.284001;;Mapbox
2758;I.L.S.I. - INTERNATIONAL LIFE SCIENCE INSTITUTE EUROPE;1200;50.842981, 4.424353;;Mapbox
2761;NETHERLANDS INSTITUTE FOR FISHERIES RESEARCH;Haringkade 1;52.45725, 4.593372;;Mapbox
2763;THE MINISTER OF AGRICULTURE, FISHERIES AND FOOD;YO41 1LZ;54.0163, -0.972903;;Mapbox
2773;TEAGASC - THE NATIONAL FOOD CENTRE;Dunsinea Lane;53.379584, -6.334912;;Mapbox
2776;UNIVERSIDADE DE COIMBRA - CENTRO DE NEUROCIENCIAS DE COIMBRA;Rua Santo De Compostela 3000;40.220826, -8.436709;;Mapbox
2788;Nippon Telegraph and Telephone Corporation;NTT (Japan);35.6895, 139.69171;;OpenAlexNormalized
2795;Rutherford Appleton Laboratory (RAL);Chilton Road;51.578646, -1.266095;;Mapbox
2798;Philips SpA;Philips (Netherlands);52.37403, 4.88969;;OpenAlexNormalized
2839;National Defence Research Establishment;Umeå;63.825768, 20.2635;;Mapbox
2855;Institut Européen des Sciences Humaines;Route De Saint-Léger-De-Fougeret;47.044296, 3.876121;;Mapbox
2859;UNIVERSITY OF EGE;Üniversite Caddesi;38.45001, 27.19351;;Mapbox
2860;University College of Wales Aberystwyth;SY23 3DA;52.415636, -4.066469;;Mapbox
2861;Sichuan Union University;Chengdu;30.659126, 104.07872;;Mapbox
2866;Philippine Nuclear Research Institute;Commonwealth Avenue;14.706566, 121.06739;;Mapbox
2868;Institute of Microbiology - BulgarianAcademy of Sciences;Bd. Todor Aleksandrov 1113;42.699892, 23.309933;;Mapbox
2873;ALGOSYSTEMS SA;Algosystems (Greece);37.98376, 23.72784;;OpenAlexNormalized
2874;FUNDACION CENTRO DE ESTUDIOS AMBIENTALES DEL MEDITERRANEO;Carrer De Charles Robert Darwin 14;39.551411, -0.461873;;Mapbox
2876;CENTRE DE RECERCA ECOLOGIA I APLICACIONS FORESTALS;Carrer Autonomia;41.446968, 2.221008;;Mapbox
2896;Lehel Hütögépgyar Kft.;Hungária Utca;47.168848, 20.41786;;Mapbox
2908;Catalyst Software Ltd;Main Street;53.402563, -6.15338;;Mapbox
2922;Thales Nederland BV;Amsterdam;52.378, 4.9;;Mapbox
2925;Intracom Sa, Hellenic Telecommunications and Electronics Industry;Peania;37.95397, 23.852997;;Mapbox
2940;Siemens Nixdorf Inform/Syst.;Haus München;53.498898, 13.162544;;Mapbox
2951;Brameur Quality and Process Improvement Ltd;2 Kings Road;51.2847, -0.83722;;Mapbox
2981;ARGOSS;8325 XL;52.679146, 5.944076;;Mapbox
2986;Fiskeldi Eyjafjardar Ltd.;Akureyri;65.682636, -18.091299;;Mapbox
3004;UNIVERSITY OF PORTSMOUTH HIGHER EDUCATION CORPORATION;Locksway Road;50.794125, -1.049331;;Mapbox
3013;Holalax Ltd.;Hólar;65.734238, -19.114787;;Mapbox
3017;BERTIN ET CIE;Rue François Villon;43.537938, -1.472064;;Mapbox
3034;LDK CONSULTANTS ENGINEERS AND PLANNERS;11361 Eldred Avenue;44.979062, -90.180309;;Mapbox
3036;MUNICIPALITY OF MYKONOS;846 00;37.446178, 25.328008;;Mapbox
3038;CENTRE FOR RENEWABLE ENERGY SOURCES (CRES);Marathonos;38.001851, 23.940632;;Mapbox
3039;DEVELOPMENT CORPORATION OF THE MUNICIPALITY OF KERKYRA (ANEDK);Aargau;47.392715, 8.044445;;Mapbox
3062;Fondation Pegase Parlement européen, REM;1047;50.840618, 4.376855;;Mapbox
3111;De Gulden Engel;Antwerp;51.22111, 4.399708;;Mapbox
3116;ICL Ireland;2 De Vesci Terrace;53.294641, -6.145129;;Mapbox
3126;TEchnical Support for European Organisations (TESEO);Bruxelles;50.8551, 4.35121;;Mapbox
3135;Virtuo S.A.;Bruxelles;50.8551, 4.35121;;Mapbox
3138;Cabinet du Ministre President Charles Pisque;Bruxelles;50.8551, 4.35121;;Mapbox
3139;Administration de l'Aménagement du Territoire et du Logement;Bruxelles;50.8551, 4.35121;;Mapbox
3140;Editions Racine;Bruxelles;50.8551, 4.35121;;Mapbox
3151;Magic Media;Bruxelles;50.8551, 4.35121;;Mapbox
3154;TIJD NV;De Tijd;50.85045, 4.34878;;OpenAlexNormalized
3165;Virtual Identity GmbH;Freiburg;53.82571, 9.288527;;Mapbox
3167;Jazz & Rock Schule Freiburg , gemeinnützige GmbH;Freiburg;53.82571, 9.288527;;Mapbox
3169;Mapgraphic Edition;San Michele;44.92529, 7.973332;;Mapbox
3177;Star Informatic;Smd Informatic (Portugal);41.12401, -8.61241;;OpenAlexNormalized
3184;Centre d'Etudes Techniques de l'Equipement du Sud Ouest;Saint-Médard-en-Jalles;44.895245, -0.714861;;Mapbox
3186;Verlag Philipp von Zabern GmbH;Philipp-Von-Zabern-Platz 1-3;50.000612, 8.267404;;Mapbox
3232;NATIONAL CENTER FOR SCIENTIFIC RESEARCH DEMOKRITOS;El Grove;42.49519, -8.862159;;Mapbox
3240;TECHNOLOGICAL EDUCATION INSTITUTE HERAKLION;El Grove;42.49519, -8.862159;;Mapbox
3261;DELLEY SEEDS AND PLANTS LTD.;Delley Seeds and Plants (Switzerland);46.80237, 7.15128;;OpenAlexNormalized
3290;UMR 7561 CNRS - Université Henri Poincaré Nancy I;Vandœuvre-lès-Nancy;48.662395, 6.176023;;Mapbox
3293;Hebrew University of Jerusalem The Authority for Research and Development;Rehovot;31.895098, 34.811394;;Mapbox
3305;Defence Evaluation & Research Agency;Ively Road;51.28999, -0.780523;;Mapbox
3306;MATIMOP, the Israeli Industry Center;Havered;32.030897, 34.861902;;Mapbox
3314;"Institut de Géodynamique ""Sabba S. Stefanescu"" - Roumanian Academy of Sciences";Strada Jean Louis Calderon;44.440177, 26.104753;;Mapbox
3316;GEOS - Assistance Office for Scientific and Technological Development Ltd.;Strada Păcii;45.788854, 24.174857;;Mapbox
3325;ORION PHARMA;Turku;60.45069, 22.266672;;Mapbox
3346;Aliter Merco Sl;Parque Tecnológico;42.292779, -7.805858;;Mapbox
3347;Gruppo Formula Spa;Gruppo Formula (Italy);45.46427, 9.18951;;OpenAlexNormalized
3349;ALITER MERCO;Calle De Isaac Newton 1;40.594348, -3.708178;;Mapbox
3358;Centre for Renewable Energy Systems Technology;LE11 3TU;52.764828, -1.22952;;Mapbox
3379;AGRIFUTUR SRL;Via Campagnola;45.221985, 10.143408;;Mapbox
3388;LIDO GMBH;Am Flughafen;50.052541, 8.565979;;Mapbox
3396;Universite Catholique de Louvain;Avenue Albert 7369;50.813931, 4.347757;;Mapbox
3404;Rustica Prograin Génétique;Chemin De Sandreau;43.68847, 1.273987;;Mapbox
3405;Anhui Academy of Agricultural Science;230031;31.833629, 117.232264;;Mapbox
3406;Institut of Oil Crops Research-Chinese Acamedy Sciences;430062;30.579639, 114.328542;;Mapbox
3407;Directorate General of Fisheries;Directorate-General for Maritime Affairs and Fisheries;50.85045, 4.34878;;OpenAlexNormalized
3408;First Pediatric Hospital of Ho Chi Minh City;Ho Chi Minh City;10.775844, 106.701756;;Mapbox
3422;Glaxo Wellcome Research and Development Ltd;Park Road;51.398707, -0.08435;;Mapbox
3424;UNIVERSITY OF SOUTHERN DENMARK - UNIVERSITY OF ODENSE;5000;55.396469, 10.385641;;Mapbox
3427;Anatomy and Neurobiology, University of Southern Denmark-Odense;5000;55.396469, 10.385641;;Mapbox
3433;LIMAGRAIN Genetics Grandes Cultures S.A.;49320;47.354426, -0.449026;;Mapbox
3438;Environmental Management Consultants Ltd;Ecosens (Switzerland);47.41499, 8.59672;;OpenAlexNormalized
3447;KAROLINSKAUNIVERSITY;Serenadvägen;59.31057, 18.167558;;Mapbox
3450;Hellenic Telecommunications and Telematics Application Company;Mouton Dr;30.47972, -92.71823;;Mapbox
3458;Isomatic;Sofia;42.69489, 23.320782;;Mapbox
3465;Iic Consulting;The Manor House;50.34678, -3.64323;;Mapbox
3467;Fabrica Espanola de Componentes Electronicos;Calle De La Industria 4;40.353595, -3.549797;;Mapbox
3470;Superabrasive Ltd;Bd. Todor Aleksandrov 6140;42.700088, 23.308777;;Mapbox
3471;Struna Georgiev & Cie;Bd. Todor Aleksandrov 1612;42.699913, 23.309818;;Mapbox
3490;Central Research Institute for Industrial Crops;Bogor;-6.608808, 106.80683;;Mapbox
3496;Centro de Investigación Cientòfica de Yucatan AC;Mérida;20.968672, -89.62278;;Mapbox
3511;QAP DECISION S.A.R.L.;Thésy;46.912926, 5.922324;;Mapbox
3532;Hadassah Medical Organization;Jerusalem;31.773315, 35.18679;;Mapbox
3534;University of Goteborg;Bruna Stråket 16;57.681473, 11.961091;;Mapbox
3567;Fundación Ecología y Desarrollo;Calle San Miguel 49;41.747628, -1.162768;;Mapbox
3585;Consejeria de Política Territorial Gobierno de Canarias;Avenida General Franco 149;42.110322, -8.821932;;Mapbox
3593;CENTRE FOR SOFTWARE ENGINEERING;9 Estate Avenue;53.316789, -6.208217;;Mapbox
3608;AMS Biotechnologia S.L.;Calle De Abtao 5;40.403521, -3.676884;;Mapbox
3622;LECES Environnement;Voie Romaine;49.19829, 6.14971;;Mapbox
3627;UNIVERSITY OF UMEAA;Umeå;63.825768, 20.2635;;Mapbox
3633;Harreither GmbH;Oberland 71;47.906073, 14.751665;;Mapbox
3638;Agricutural Research Council;Privage;-25.800123, 28.246141;;Mapbox
3642;Centro Eori de Investigacion y Promocion Régional;Pasaje Loreto;-12.584448, -69.187356;;Mapbox
3643;Fundaçao de Tecnologia do Estado do Acre;Rio Branco;-15.242267, -58.11477;;Mapbox
3648;Centro Internacional de Entrenamientoe Investigaciones Medicas;Carrera 99;3.367631, -76.519711;;Mapbox
3651;Université du Mali;Bamako;12.649319, -8.000337;;Mapbox
3652;GROUPEMENT INTERDISCIPLINAIRE EN SCIENCES SOCIALES - COTE D'IVOIRE;Abidjan;5.320357, -4.016107;;Mapbox
3653;Institut des Sciences Humaines - Ministère des Enseignements Secondaire, Supérieur et de la Recherche Scientifique;Bamako;12.649319, -8.000337;;Mapbox
3657;UMATI - The Family Planning Association of Tanzania;Dar es Salaam;-6.816084, 39.280358;;Mapbox
3664;INSTITUTO BIOMAR SA;Polígono Industrial Cl D;42.759201, -5.152342;;Mapbox
3671;Kiviks Musteri AB;277 35;55.663238, 14.22059;;Mapbox
3674;Axcell Biotéchnologies;Saint-Genis-l'Argentière;45.70939, 4.492396;;Mapbox
3675;Fundacion AZTI - AZTI Fundazioa;S/N;28.958124, -13.552969;;Mapbox
3682;Ledesma;Arona;28.09882, -16.682062;;Mapbox
3700;A. RAZMADZE MATHEMATICAL INSTITUTE;Tbilisi;41.693459, 44.80145;;Mapbox
3701;STEKLOV MATHEMATICAL INSTITUTE - RUSSIAN ACADEMY OF SCIENCES;Saint Petersburg;59.938732, 30.316229;;Mapbox
3711;Greek Network of Health Promoting Schools;Sur;46.52217, 9.631014;;Mapbox
3718;Institut für Landes- und Stadtentwicklungsforschung des Landes Nordrhein - Westfalen;Königswall 38-40;51.515777, 7.455785;;Mapbox
3725;Freudenberg Technische Dienste KG - Forschungsdienste;Delpstraße;49.546664, 8.656871;;Mapbox
3732;Dr. D.A. Delis SA;Elliotsville Road;39.31468, -82.12931;;Mapbox
3738;Hevea BV;Kanaalstraat Oostzijde 21;52.386217, 6.280778;;Mapbox
3739;Rapra Technology Limited;Shawbury Road;52.847393, -2.721268;;Mapbox
3763;Institute of Experimental Gerontology;4031;47.563477, 7.582696;;Mapbox
3772;IRCCS POLICLINICO SAN MATTEO - ISTITUTO DI RICOVERO E CURA A CARATTERE SCIENTIFICO;Viale Camillo Golgi 2;45.195653, 9.148281;;Mapbox
3774;BIRKBECK COLLEGE - UNIVERSITY OF LONDON;Malt Street;51.483942, -0.069232;;Mapbox
3791;SWEDISH CORROSION INSTITUTE AB;Kräftriket 23;59.356016, 18.053788;;Mapbox
3792;AGRICULTURAL UNIVERSITY OF NORWAY;Nordsida 1432;63.003147, 8.976991;;Mapbox
3806;Industrial Development and Education Centre;Street 39;30.106674, 31.274497;;Mapbox
3831;Bauer und Häselbarth Chirurg GmbH;Sauerbruchstraße 7;53.758889, 9.942003;;Mapbox
3862;HADASSAH MEDICAL ORGANIZATION;Jerusalem 91120;32.968468, 35.496942;;Mapbox
3865;Univ. of Groningen;Haren;53.172596, 6.604042;;Mapbox
3895;KRZN;47445;51.489875, 6.603134;;Mapbox
3999;Q-ONE Biotech Ltd;Of;57.45865, -6.30317;;Mapbox
4000;Hadassah University Hospital;Jerusalem;31.773315, 35.18679;;Mapbox
4005;Genethon III;Rue De L'internationale;48.619057, 2.448018;;Mapbox
4007;CHIRON S.R.L.;Via Fiorentina 1;43.334452, 11.3088;;Mapbox
4035;Orziv (Skyp) Ltd.;Hayetsira 7;32.195072, 34.878087;;Mapbox
4052;ELKEDE TECHNOLOGY AND DESIGN CENTER S.A.;14452 Eldred Avenue;44.979062, -90.180329;;Mapbox
4071;General Organization of Seed Multiplication;Aleppo;36.19924, 37.163725;;Mapbox
4082;Cox Analytical Systems AB;Cox Analytical Systems (Sweden);57.70716, 11.96679;;OpenAlexNormalized
4104;C & W Specialist Equipment Ltd;Craven Arms;52.440174, -2.83558;;Mapbox
4122;All System Srl;Via Lunga;40.377247, 15.538823;;Mapbox
4124;Termi,al Bois Nord 19 (Scieisie Farges) Sarl;19300;45.405538, 2.046556;;Mapbox
4126;Divergent;60200;49.418151, 2.824406;;Mapbox
4139;National Inst. of environmental healthDept. water Hygiene;1097;47.4696, 19.083376;;Mapbox
4163;Bundesanstalt für Materialforschung und Materialprüfung;Berlin;52.517037, 13.38886;;Mapbox
4200;Scientific and Educative Association of Municipality of Philotei;15237 Elliott Road;-28.811496, 153.259401;;Mapbox
4202;UNIVERSITA COMMERCIALE 'LUIGI BOCCONI'.;Via Sarfatti 25;45.448435, 9.190171;;Mapbox
4208;Costantinos Migdalis & SIA O.E;N;36.9344, -90.74887;;Mapbox
4266;NORWEGIAN INSTITUTE OF FISHERIES AND AQUACULTURE LTD;Breivika;69.570643, 17.556793;;Mapbox
4286;Universidad de Leon;S/N;28.958124, -13.552969;;Mapbox
4293;CONSEJO SUPERIOR DE INVESTIGACIONES CIENTIFICAS - CENTRO DE EDAFOLOGIA Y BIOLOGIA APLICADA DEL SEGURA.;Avinguda De La Fama;41.348414, 2.084926;;Mapbox
4294;NAIAS SCIENTIFIC ANALYTICAL LABORATORIES SA;185 36;37.936926, 23.644558;;Mapbox
4302;FISH CULTURE RESEARCH INSTITUTE;Anna-Liget 8;46.857004, 20.524649;;Mapbox
4319;Universtat de Girona;Avinguda Montilivi;41.957026, 2.822239;;Mapbox
4321;Aristotelian University of Thessaloniki;Campus Drive;42.029381, -88.242181;;Mapbox
4333;CLEAN POWER LTD;Impact Clean Power Technology (Poland);52.17072, 20.81214;;OpenAlexNormalized
4336;Glanbia Ingredients (Ballyragget) Ltd;Kilkenny;52.651814, -7.250667;;Mapbox
6772;MINISTRY OF AGRICULTURAL AND NATURAL RESOURCES;Aiolou;35.154432, 33.39257;;Mapbox
4353;National Centre for Marine Reseach;16604 Eldred Avenue;44.979063, -90.180342;;Mapbox
4359;Gaelic Seafoods Ltd;Galway;53.30027, -9.102344;;Mapbox
4362;Aqualvor Limitada;R Lagos 693;41.164998, -8.440826;;Mapbox
4365;Aquacultura de Marin Limitada;Apartado;37.303169, -8.849529;;Mapbox
4370;The Centre for Environment, Fisheries and Aquaculture Science;Barrack Road;50.787503, -1.867865;;Mapbox
4378;DANISH INSTITUTE OF AGRICULTURAL SCIENCES;4200;55.403417, 11.353739;;Mapbox
4386;Greek National Research and Technology Network Sa;14-18 Street;-31.327984, 27.822364;;Mapbox
4388;Ukema;OX11;51.5824, -1.2482;;Mapbox
4407;STRATEC S.A.;Avenue Adolphe Lacomblé 156;50.849614, 4.400096;;Mapbox
4424;FORT DODGE VETERINARIA S.A.;Cr Camprodon;42.211088, 2.455209;;Mapbox
4428;CReSA (Centre de Recerca en Sanitat Animal);Carrer De Bellaterra;41.357958, 2.073562;;Mapbox
4429;Fort Dodge Animal Health;Cr Camprodon;42.211088, 2.455209;;Mapbox
4432;Norwegian School of Veterinary Science;Oslo;59.91333, 10.73897;;Mapbox
4444;BBSRC John Innes Centre;Norwich Road;52.575273, 1.556099;;Mapbox
4454;Institute of Physiology - Bulgarian Academy of Sciences;Akad. Georgi Bonchev 23;42.672479, 23.366856;;Mapbox
4465;Institute of Zoology of the Academy of Sciences of Moldova;Strada Academiei 1;46.998975, 28.818702;;Mapbox
4468;SELONDA AQUACULTURE SA;Elfingen;47.506767, 8.098876;;Mapbox
4469;INTENSIVE AQUACULTURE TECHNOLOGIES LTD .;Barton-upon-Humber;53.68277, -0.438863;;Mapbox
4479;GEOANALYSIS SA;Geoanalysis (Greece);40.64361, 22.93086;;OpenAlexNormalized
4504;SKANDIA AFS NORDIC HOLDING AKTIEBOLAG;Serenadvägen;59.31057, 18.167558;;Mapbox
4508;SCALPRO AS;Rong;60.51392, 4.90989;;Mapbox
4513;INTERNATIONAL BUSINESS MACHINES CORP., RESEARCH DIVISION, T.J. WATSON RESEARCH CENTER;River Road;40.648429, -73.654836;;Mapbox
4535;BYZANTINE AND CHRISTIAN MUSEUM OF ATHENS;16344 Eldred Avenue;44.979063, -90.18034;;Mapbox
8285;FRANCE TELECOM SA;6 Place D'alleray;48.836124, 2.30659;;Mapbox
4575;BLEKINGE TEKNISKA HOEGSKOLA;Valhallavägen 1;56.180656, 15.590698;;Mapbox
4584;UoS, IT Innovation Centre;2 Venture Road;50.96063, -1.42266;;Mapbox
4585;University of Southampton. ECS IAM;Southampton;50.902535, -1.404189;;Mapbox
4589;ORCKIT COMMUNICATIONS LTD.;Yitzhak;32.075752, 34.805152;;Mapbox
4596;Stranda Spekemat;Ødegårdsveien 89;59.840713, 11.120797;;Mapbox
4599;Wies By Gmbh;Gotteskoogstraße;54.793344, 8.825693;;Mapbox
4601;Jens Heide;4790;58.249374, 8.376287;;Mapbox
4610;SIGMA CONSULTANTS;1240 Route Des Dolines;43.625526, 7.039932;;Mapbox
4612;MOTOROLA LIMITED;Motorola (United States);42.03336, -88.08341;;OpenAlexNormalized
4620;Toshiba Research Europe Ltd.;BS1 4ND;51.449619, -2.593855;;Mapbox
4623;France Telecom R&D;Rue Du Général Leclerc;48.825229, 2.2762;;Mapbox
4624;Motorola Ltd;Motorola (United States);42.03336, -88.08341;;OpenAlexNormalized
4643;Centro para a Conservaçao de Energia;Estrada De Alfragide;38.737743, -9.213777;;Mapbox
4644;Assaciaçao de Produtores de Animais do Landal;Estrada Da Fontinha;39.308661, -9.009306;;Mapbox
4648;FORDESI - FORMACAO, DESENVOLVIMENTO E INVESTIGACAO, S.A.;Rua Fialho De Almeida 28;38.76451, -9.240824;;Mapbox
4651;BANK OF CYPRUS ONCOLOGY CENTRE;32 Akropoleos Avenue;35.154392, 33.358713;;Mapbox
4652;ATHENS MEDICAL CENTER S.A.;15125 Elk River Mills Road;34.857472, -87.053994;;Mapbox
4655;EPOGRAF LTD.;11525 Eldred Avenue;44.979062, -90.18031;;Mapbox
4657;ADVANCED INTELLIGENT AUTOMATIC SYSTEMS LTD.;Strovolos Industrial Area Junction;35.128683, 33.366003;;Mapbox
4675;INSTITUT FUER AUTOMATION UND KOMMUNIKATION E.V. MAGDEBURG;Steinfeldstraße 3;52.196875, 11.598807;;Mapbox
4685;DELOITTE & TOUCHE CONSULTING HADJIPAVLOU SOFIANOS & CAMBANIS S.A.;Avenida;4.155683, -74.897027;;Mapbox
4687;ASSOCIACAO C.C.G./ZGDV - CENTRO DE COMPUTACAO GRAFICA;Rotunda Da Universidade Do Minho;41.558357, -8.397797;;Mapbox
4691;INTRACOM SA Hellenic;195 Key Road;35.369755, -81.799783;;Mapbox
4692;SWEDISH SALMON RESEARCH INSTITUTE;Forskarstigen;60.569528, 17.439454;;Mapbox
4745;University of Kemerova;Ut;57.69731, 51.75449;;Mapbox
4747;"Environment Research Centre ""ENVIRC""";Almaty;43.236392, 76.945728;;Mapbox
4750;Russian State University of the Humanities;Moscow Street 6;43.633991, 44.063728;;Mapbox
4766;SPACE S.P.A.;S. P. Korolev Rocket and Space Corporation Energia (Russia);55.91417, 37.82556;;OpenAlexNormalized
4767;FUNDACION ROBOTIKER;Parque Tecnológico;42.292779, -7.805858;;Mapbox
4769;INSTITUT CATALA DE LA CUINA;Carrer De Muntaner 179;41.4607, 2.237257;;Mapbox
4770;THE CHAMBER OF COMMERCI OF BEYPAZARI;Alparslan Türkeş Bulvarı;36.382665, 33.947598;;Mapbox
4773;SAT EL PANTAR;Pd Burjasenya;40.733357, 0.596754;;Mapbox
4774;BODEGUES SUMARROCA S.L.;Carrer El Rebato;41.425182, 1.826039;;Mapbox
4776;MERVES GUMUS;Beypazari;40.168144, 31.920563;;Mapbox
4777;UNIONE PROVINCIALE DEGLI ARTIGIANI DI CAGLI;Via Lanusei;39.240595, 9.193164;;Mapbox
4779;COOPERATIVA TESSILE NOSTRA SIGNORA DE GONARE;Via Alessandro Manzoni;40.224081, 9.165201;;Mapbox
4780;CAVALIER NIOI LUIGI DI NIOI FM, NIOI M. SNC;Via Carmine;39.282501, 9.014287;;Mapbox
4785;INSTITUT FUER MIKROBIOLOGIE UND GENETIK DER UNIVERSITAET WIEN;Löhrgasse 9;48.198867, 16.336887;;Mapbox
4786;UNIVERZA V LJUBLJANI, BIOTEHNISKA FAKULTETA;Jamnikarjeva Ulica 101;46.049339, 14.474636;;Mapbox
4787;UNIVERSITE DE REIMS CHAMPAGNE-ARDENNE/IFTS;9 Boulevard De La Paix;49.25582, 4.040208;;Mapbox
4803;BLC LEATHER TECHNOLOGY CENTRE LTD;Kings Park Road;52.275955, -0.876852;;Mapbox
4805;UNIVERSITY COLLEGE NORTHAMPTON;Boughton Green Road;52.269981, -0.892262;;Mapbox
4806;ASOCIACION DE INVESTIGACION DE LAS INDUSTRIAS DEL CURTIDO Y ANEXAS;Av Pla De La Massa;41.583359, 1.592461;;Mapbox
4810;PÉCSI BÖRGYÁR RÉSZVÉNTYÁRSASÁG;Siklósi Út 22;46.061146, 18.229973;;Mapbox
4811;BIMEO VIZSGÁLÓ ÉS KUTATÓ-FEJLESZTÕ KFT.;Baross Utca 39;47.524069, 19.150025;;Mapbox
4812;CONCIARICERCA ITALIA S.R.L;Via Brisa;45.464704, 9.18033;;Mapbox
4814;CALZADOS LIS, S.L;Carrer Valverde Del Camino 7;38.285038, -0.716763;;Mapbox
4815;BORGE GARVERI AS;Kårvika;60.524845, 5.489256;;Mapbox
4836;National Research Council of Italy-ISE;Via Madonna Del Piano;43.816652, 11.202513;;Mapbox
4842;DALIAN INSTITUTE OF CHEMICAL PHYSICS, CHINESE ACADEMY OF SCIENCES;116023;38.877096, 121.558435;;Mapbox
4847;THE REGIONAL ENVIRONMENTAL CENTER FOR CENTRAL AND EASTERN EUROPE;Ady Endre Út 9-11;47.7037, 19.145201;;Mapbox
4851;3D. DIGITAL DESIGN AND DEVELOPMENT LTS;Chelmsford Close;51.512014, 0.052592;;Mapbox
4853;NATIONAL GALLERY & ALEXANDROS SOYTOS MUSEUM;Street 1;30.141068, 31.421688;;Mapbox
4856;THALES LASER S.A.;Route Départementale 128;43.594048, 3.429925;;Mapbox
4857;UNIVERSITE DE NICE - SOPHIA ANTIPOLIS;Avenue Valrose;43.715273, 7.265616;;Mapbox
4884;MEDICANALYSIS LTD;15126 Eldred Avenue;44.979063, -90.180333;;Mapbox
4886;DIFFCHAMB AB;Backa Bergögata 7;57.747558, 11.99903;;Mapbox
4893;SWEDISH INSTITUTE FOR INFECTIOUS DISEASE CONTROL;Nobels Väg 18;59.349745, 18.023247;;Mapbox
4896;ADGEN LTD.;KA6 5HW;55.479684, -4.566706;;Mapbox
4919;LINKOEPING UNIVERSITY;Seltorp Ekdala;58.357677, 15.702615;;Mapbox
4926;INSTITUTE OF MOLECULAR BIOLOGY - BULGARIAN ACADEMY OF SCIENCES;Akad. Georgi Bonchev 21;42.672615, 23.367034;;Mapbox
4928;THE ROBERT GORDON UNIVERSITY;Schoolhill;57.147948, -2.10018;;Mapbox
4974;ADRIANT;Rue Pierre Adolphe Bobierre;47.263516, -1.566588;;Mapbox
4968;UNIVERSITY OF THE WEST OF ENGLAND, BRISTOL;Coldharbour Lane;51.5026, -2.544749;;Mapbox
4970;CAMPDEN AND CHORLEYWOOD FOOD RESEARCH ASSOCIATION GROUP;Station Road;52.052379, -1.768097;;Mapbox
4971;SWEDISH INSTITUTE FOR FOOD RESEARCH AND BIOTECHNOLOGY AB;Frans Perssons Väg 6;57.680721, 12.023591;;Mapbox
4973;ASOCIACION DE INVESTIGACION DE LA INDUSTRIA AGROALIMENTARIA;Carrer De Benjamin Franklin;39.665144, -0.265618;;Mapbox
8389;TAMKANG UNIVERSITY FOUNDATION;Lane 199 Jinhua Street 5;25.030958, 121.528458;;Mapbox
4989;Leiden University Medical Centre;Leiden;52.157571, 4.48697;;Mapbox
4991;TURBOMECA SA;Avenue Du Président Kennedy;48.353337, 5.683241;;Mapbox
4998;GERMAN AEROSPACE CENTRE (DLR), TURBINE TECHNOLOGY;Bunsenstraße 10;51.527401, 9.931396;;Mapbox
5000;SWISS FEDERAL INSTITUTE OF TECHNOLOGY LAUSANNE (EPFL);Chemin Des Alambics;46.51989, 6.570283;;Mapbox
5006;VTT Building and Transport;FI;62.777754, 26.199539;;Mapbox
5019;Clean Technology Centre, Cork Institute of Technology;Melbourne Business Park;51.888917, -8.536589;;Mapbox
8492;Fund for Molecular Hematology and Immunology;125493;55.839333, 37.48686;;Mapbox
5023;STS. CYRIL AND METHODIUS UNIVERSITY OF VELIKO TURNOVO;Hristo Botev;43.107233, 25.719993;;Mapbox
5027;PTV PLANUNG TRANSPORT VERKEHR AG.;Stumpfstraße 1;49.013567, 8.428034;;Mapbox
5028;AGENZIA REGIONALE PER LA PROTEZIONE DELL'AMBIENTE LIGURE;Piazza Della Vittoria 15;44.402254, 8.943724;;Mapbox
5029;GOVERNMENT OF THE STATE OF ISRAEL;Kanfei Nesharim;31.787436, 35.181842;;Mapbox
5038;ALK-Abello;Bøge Alle 6-8;55.874444, 12.486069;;Mapbox
5086;KRETATIV KOMMUNKATION I KARLSKRONA AB;Senapsgatan;56.22279, 15.664935;;Mapbox
5101;ROVIES AGRICULTURAL COOPERATIVE;340 05;38.765095, 23.316483;;Mapbox
5103;KIRRUR FARAN AGRICULTURAL COOPERATIVE LTD;Arava;32.714796, 35.498781;;Mapbox
5104;KOPPERT BIOLOGICAL SYSTEMS S.L.;Calle De Correos 28;40.369276, -3.222983;;Mapbox
5110;SAGREMARISCO-VIVEIROS DE MARISCO LDA;Beco 1 De Maio;37.066075, -8.823501;;Mapbox
5138;VIVIERS DE FRANCE;Rue Des Friques Ouest;43.87506, -1.154169;;Mapbox
5155;ANIMAL QUARANTINE INSTITUTE, MINISTRY OF AGRICULTURE;266032;36.108396, 120.358765;;Mapbox
5156;INSTITUTE OF ANIMAL HEALTH AND HUSBANDRY OF GANNAN TIBET AUTONOMOUS REGION;747000;35.002118, 102.909423;;Mapbox
5161;INSTITUTE FOR THE STUDY OF THE QUALITY OF LIFE;Calea 13 Septembrie 13;44.422418, 26.086876;;Mapbox
5168;STUDSVIK ECO & SAFETY AB;Nyköping;58.754158, 17.013615;;Mapbox
5179;BUNDESINSTITUT FUER BEVOELKERUNGSFORSCHUNG;Friedrich-Ebert-Allee 4;50.076611, 8.245798;;Mapbox
5201;TUULA HAAVISTO LIBRARY KNOWLEDGE T:MI;Hämeentie 135;60.501403, 24.933699;;Mapbox
5203;NET-U CONSULTANTS LTD;Nicosia;35.16923, 33.360275;;Mapbox
5210;ANKO ANONYMOS ETAIREIA;117 42;37.96607, 23.728614;;Mapbox
5220;Instituto de Biologia Experimental e Tecnologica, IBET;R Eiras 12;39.353892, -7.958373;;Mapbox
5222;SLU - Swedish University of Agricultural Sciences;Uppsala;59.858757, 17.638515;;Mapbox
5227;Szent Istvan University Godollo;Páter Károly Utca 1;47.596033, 19.361519;;Mapbox
5228;Hungarian Academy of Sciences / Plant Protection Institute;1022;47.514299, 19.024734;;Mapbox
5239;JDC ESHEL - THE ASSOCIATION FOR PLANNING AND DEVELOPMENT OF SERVICES FOR THE AGED IN ISRAEL;Jerusalem 91034;32.968466, 35.496942;;Mapbox
5241;Commissariat a l'energie atomique;Roses;46.401179, 6.512007;;Mapbox
5251;CENTRE DE BIOTECHNOLOGIE DE SFAX - SECRETARIAT D'ETAT A LA RECHERCHE SCIENTIFIQUE ET A LA TECHNOLOGIE;Sfax;34.739799, 10.760002;;Mapbox
5252;UNIVERSITE CADI AYYAD;Marrakech;31.626929, -7.988117;;Mapbox
5253;TECNIA - PROCESSOS E EQUIPAMENTOS INDUSTRIAIS E AMBIENTAIS LDA;Rua José Pedro Lopes;39.1334, -9.381677;;Mapbox
5255;UNIVERSITY OF CAIRO;Doqqi;30.038303, 31.211465;;Mapbox
5259;COSTAS MYGDALIS & SIA O.E.;36;36.766685, 8.317159;;Mapbox
5261;TECHNICAL UNIVERSITY OF ISTANBUL;Taksim Sokak;40.886208, 29.266243;;Mapbox
5262;MINISTRY OF TOURISM AND ANTIQUITIES;Amman;31.952248, 35.932407;;Mapbox
5264;ITU DEVELOPMENT FOUNDATION FINANCING MANAGEMENT;Taşkışla Caddesi;41.23361, 29.008461;;Mapbox
5269;DIPARTIMENTO SCIENZE AMBIENTALI - UNIVERSITA' DI PARMA;Parco Area Delle Scienze;44.765149, 10.310533;;Mapbox
5270;Universita di Parma;Parco Area Delle Scienze 33;44.764021, 10.315708;;Mapbox
5271;National Research Counsel;Via Madonna Del Piano;43.816652, 11.202513;;Mapbox
5275;Departamento de Biologia;Rua De Aveiro;40.348932, -8.436646;;Mapbox
5278;CENTRE FOR SCIENTIFICE CULTURE ETTORE MAJORANA;Via San Donato 1;44.526342, 11.415495;;Mapbox
5285;KUNSTAKADEMIETS ARKITEKTSKOLE;Philip De Langes Allé 10;55.68156, 12.603546;;Mapbox
5297;CR2 LTD.;Ballymount Cross Roundabout;53.312994, -6.35911;;Mapbox
5298;BOUYGUES TELECOM;20 Quai Du Point Du Jour;48.832218, 2.259209;;Mapbox
5320;ORGANIZATION FOR THE MASTER PLAN AND ENVIRONMENTAL PROTECTION OF THESSALONIKI;546 43;40.607908, 22.953354;;Mapbox
5326;SVENSK KAERNBRAENSLEHANTERING AB;Brahevägen 47;59.387717, 18.050611;;Mapbox
5327;GALSON SCIENCES LTD.;5 Melton Road;52.670385, -0.732061;;Mapbox
5333;Swedish Nuclear Power Inspectorate;Stockholm;59.324337, 18.06902;;Mapbox
5344;Union of Estonian Property Maintenance and Management Companies;Silde;59.4284, 24.841814;;Mapbox
5360;NETIMAGE SARL;La Billardiere;47.691705, 1.076352;;Mapbox
5361;DIGITAL ARCHIVE JAPAN ALLIANCE;Ogaki;35.36362, 136.617321;;Mapbox
5372;POULIADIS ASSOCIATES CORP;Pouliadis Associates Corporation;37.98376, 23.72784;;OpenAlexNormalized
5386;Information Systems Lab ICS FORTH;Mouton Dr;30.47972, -92.71823;;Mapbox
5398;ENVIRECO ADVANCED ECOLOGICAL SYSTEMS LTD;El Nozha;30.11, 31.34;;Mapbox
5401;THE GETTY CONSERVATION INSTITUTE;1200 Getty Center Drive;34.087752, -118.475756;;Mapbox
5411;HIGHLAND NATURAL PRODUCTS LIMITED;Cnoc-Na-Boull;57.510523, -4.47741;;Mapbox
5421;TECHNIKA PLASTIKA S.A.;Elefsinas - Thivas;38.300878, 23.321168;;Mapbox
5423;IPF - INDUSTRIA PRODUTORA DE FIOS, S.A.;R Felgueiras;41.064469, -7.932295;;Mapbox
5425;LASKARIS;192 00;38.041694, 23.541119;;Mapbox
5431;INESC PORTO - INSTITUTO DE ENGENHARIA DE SISTEMAS E COMPUTADORES DO PORTO;R Roberto Frias;41.147985, -8.53908;;Mapbox
5434;ZEUS CONSULTING S.A.;262 21;38.245508, 21.734795;;Mapbox
5435;UNINOVA - INSTITUTO DE DESENVOLVIMENTO DE NOVAS TECNOLOGIAS;Monte;41.688204, -8.433622;;Mapbox
5446;THE GOULANDRIS NATURAL HISTORY MUSEUM;Goulandris Natural History Museum;37.98376, 23.72784;;OpenAlexNormalized
5449;UNIVERSITE DE TUNIS;Tunis;36.800207, 10.185776;;Mapbox
5454;GEOPHYSICAL INSTITUTE - BULGARIAN ACADEMY OF SCIENCES;Sofia 3;43.199035, 27.914035;;Mapbox
5455;INTERNATIONAL CENTRE FOR NUMERICAL METHODS IN ENGINEERING;Carrer Del Gran Capità;41.388948, 2.108653;;Mapbox
5460;CENTRAL LABORATORY FOR SEISMIC MECHANICS AND EARTHQUAKE ENGINEERING - BULGARIAN ACADEMY OF SCIENCE;Sofia 3;43.199035, 27.914035;;Mapbox
5467;INSTITUTE FOR PROTECTION OF CULTURAL HERITAGE AND NATURAL RARITIES;Ohridska;41.030722, 21.32705;;Mapbox
5471;TRATOLIXO - TRATAMENTO DE RESIDUOS SOLIDOS, S.A.;R Fe 5;38.735026, -9.313697;;Mapbox
5472;VALORIZACAO E TRATAMENTO DE RESIDUOS SOLIDOS DA AREA METROPOLITANA DE LISBOA NORTE, S.A.;Rua De São João;38.793102, -9.148987;;Mapbox
5476;THE ADVANCED COMPOSITES GROUP LTD.;Sinclair Close;53.006177, -1.366422;;Mapbox
5492;Centre for Renewable Sources (CRES);Marathonos;38.001851, 23.940632;;Mapbox
5493;National Centre for Social Research (EKKE);11527 Eldred Avenue;44.979062, -90.18031;;Mapbox
5496;ESBENSEN CONSULTING ENGINEERS A/S;Carl Jacobsens Vej 25;55.654338, 12.515746;;Mapbox
5503;ICLEI ASIA PACIFIC SECRETARIAT, JAPAN OFFICE;106-0041;35.660593, 139.739552;;Mapbox
5508;BIOSCAN B.V.;Professor Bronkhorstlaan 10;52.153977, 5.204558;;Mapbox
5512;Bioscan B.V.;Professor Bronkhorstlaan 10;52.153977, 5.204558;;Mapbox
5529;Helsinki University of Technology - TKK;Boxvägen 6200;60.343225, 25.300078;;Mapbox
5544;UGOT;Medicinaregatan 16;57.687928, 11.958799;;Mapbox
5545;GENOLIFE S.A.;Saint-Beauzire;45.85115, 3.180975;;Mapbox
5555;DIGITAL PUBLISHING JAPAN;Kyoto;35.006173, 135.769177;;Mapbox
5564;TECHNOLOGY MARKETING CONSULTANCY;Rue De La Victoire;50.829118, 4.349982;;Mapbox
5566;INSTITUTE OF GENERAL GENETICS AND CYTOLOGY - ACADEMY OF SCIENCES OF THE REPUBLIC OF KAZAKHSTAN;Almaty;43.236392, 76.945728;;Mapbox
5570;CIT ENERGY MANAGEMENT AB;CIT Energy Management (Sweden);57.70716, 11.96679;;OpenAlexNormalized
5572;iC-consulenten ZT GesmbH;Kaiserstraße 45;48.201338, 16.340126;;Mapbox
5587;OPINIA - INDEPENDENT SOCIOLOGICAL AND INFORMATION SERVICE;31 Augusta 3;47.137462, 28.858539;;Mapbox
5589;THE INTERNATIONAL CENTRE FOR SOCIOLOGICAL, POLITICAL AND SOCIAL PSYCHOLOGICAL RESEARCH;Bishkek;42.87779, 74.606693;;Mapbox
5607;FUJITSU LABORATORIES OF AMERICA, INCORPORATED;595 Lawrence Expressway;37.386436, -121.996997;;Mapbox
5620;EUROPEAN CENTER FOR COATINGS AND SURFACE TECHNOLOGY;Parkweg 1;52.221412, 6.884981;;Mapbox
5625;SAPA AUTOPLASTICS SP. Z.O.O.;Leonarda Da Vinci 10;50.324545, 18.613584;;Mapbox
5627;ECCS (European Centre for Coating and Surface Technology);Parkweg 1;52.221412, 6.884981;;Mapbox
5632;School of Biochemistry & Microbiology;School Lane;53.828192, -1.344958;;Mapbox
5727;ECOBILAN S.A.;34 Rue De Toul;48.840104, 2.402661;;Mapbox
5639;THE HEBREW UNIVERSITY OF JERUSALEM;Jerusalem 91120;32.968468, 35.496942;;Mapbox
5645;NOVO-NORDISK A/S;Novo Alle 1;55.754555, 12.455185;;Mapbox
5648;FREIBERG UNIVERSITY OF MINING AND TECHNOLOGY;Leipziger Straße 29;50.925566, 13.333425;;Mapbox
5655;RESEARCH CENTER ROSSENDORF;Dresden;51.049072, 13.738695;;Mapbox
5657;TeraView Ltd.;TeraView (United Kingdom);52.2, 0.11667;;OpenAlexNormalized
5668;National Institute of Agronomic Research, Dept. of Economics;4 Allée A;50.336238, 3.21348;;Mapbox
5684;Centre National du Machinisme Agricole, du Génie Rural, des Eaux et Forêts;24 Avenue Des Landais;45.764127, 3.111132;;Mapbox
5685;CIME-SUPEUROPE (CESEC);Rue Claude Bloch;49.209866, -0.35887;;Mapbox
5691;COMERCIAL TECNICA Y VIVEROS S.L.;Carretera Nacional 340;39.017318, -0.540438;;Mapbox
5712;MUHENDISLIK, DANISMANLIK, ARASTIRMA, A.S.;Kurum Sokak;40.040224, 32.888286;;Mapbox
5713;DELTA SINGULAR S.A.;145 65;38.140267, 23.859717;;Mapbox
5716;PLANET AE;64 Street;-31.32858, 27.821991;;Mapbox
5733;National Centre For Scientific Research 'Demokrito;15310 Eldred Avenue;44.979063, -90.180334;;Mapbox
5744;SHELL HYDROGEN B.V.;Badhuisweg 3;52.435553, 4.827673;;Mapbox
5746;TECHNOLOGICAL INSTITUTE OF ICELAND;Keldnaholt;64.140784, -21.770786;;Mapbox
5750;STRAETO BS. (GREATER REYKJAVIK TRANSPORT);Þönglabakki 4;64.109498, -21.842671;;Mapbox
5752;AAC CENTRO DE ACUSTICA APLICADA SL;Carrer De Leonardo Da Vinci;41.511885, 1.88797;;Mapbox
5757;Universite Louis Pasteur, Strasbourg 1;3 Rue De L'argonne;48.584207, 7.771687;;Mapbox
5769;ISRAEL AIRCRAFT INDUSTRIES LTD;Ben Gurion;32.058526, 34.842663;;Mapbox
5774;AGENCIA PARA ENERGIA;Estrada De Alfragide;38.737743, -9.213777;;Mapbox
5779;MICROGROW LTD;62nd Street Northeast;45.240763, -93.558732;;Mapbox
5799;MAKASH - Advancing CMC Applications in Education;Nurit;32.705527, 35.325662;;Mapbox
5805;FWU Institut fur Film und Bild in Wissenschaft und Unterricht gGmbH;Bavariafilmplatz 3;48.067547, 11.547058;;Mapbox
5812;EXODUS A.E.;6-10;46.772411, -122.125144;;Mapbox
5849;OCEANOGRAPHIC COMPANY OF NORWAY ASA;Trondheim;63.432697, 10.397414;;Mapbox
5856;FOURNI RODOU;El Salvador;13.736897, -88.866511;;Mapbox
5859;INTERUNIVERSITAIR MICRO-ELECTRONICA CENTRUM VZW;Kapeldreef 75;50.865396, 4.67925;;Mapbox
5861;ATHENS INTERNATIONAL AIRPORT S.A.;B17;41.304904, 2.078339;;Mapbox
5869;Tampereen Viatek Oy;Tampere;61.4981, 23.757025;;Mapbox
5871;MEGATEL INFORMATIONS- UND KOMMUNIKATIONSSYSTEME GMBH;Universitätsallee 18;53.103006, 8.859657;;Mapbox
5877;megatel GmbH;Universitätsallee 18;53.103006, 8.859657;;Mapbox
5890;SYSTEMA TECHNOLOGIES S.A.;215 Ave;41.991557, -90.741156;;Mapbox
5903;ADVANCED PRODUCTS AND SERVICES FOR THE INFORMATION SOCIETY LTD;3-5 Street;-31.328656, 27.822105;;Mapbox
5917;MALTA NATIONAL LABORATORY COMPANY LIMITED;Valletta;35.898982, 14.513676;;Mapbox
5919;COUNCIL FOR THE CENTRAL LABORATORY OF THE RESEARCH COUNCILS;OX11 0QX;51.574887, -1.314517;;Mapbox
5939;KUNGL. VETENSKAPSAKADEMIEN KVA;Lilla Frescativägen 4;59.366468, 18.05188;;Mapbox
5946;INSTITUTE OF COMPUTER AND COMMUNICATIONS SYSTEMS;Bd. Todor Aleksandrov 1113;42.699892, 23.309933;;Mapbox
5961;THE MANCHESTER METROPOLITAN UNIVERSITY;All Saints Street;53.500499, -2.177663;;Mapbox
5982;Universite Pierre et Marie Curie - Paris VI;28 Route De Villefranche;43.772484, 1.390053;;Mapbox
6035;AVIS RENT A CAR LTD;Station Road;51.501144, -0.424029;;Mapbox
6038;ARROW ECOLOGY LTD;Hahistadrut;32.775945, 35.03445;;Mapbox
6039;CITTA DELLE LANGHE SCRL;Piazza Aldo Moro 1;44.494555, 7.974092;;Mapbox
